id,mirorder,ord,order,suborder,hyporder,info,infraorder,infraorder_alternative,parvorder,spf,superfamily,superfamily_alternative,fam,family,family_alternative,sfam,subfamily,subfamily_alternative,gen,genus,genus_alternative,location_ru,continent_id,period_end,period_start,origin,debug,http://dianov.org/scr/2018.09.16-22.53.17.png
1000,,,SCANDENTIA,,,,,,,,,,,Tupaiidae,,,Ptilocercinae,,,Eodendrogale parvum,,Китай,asia,42.7,44.9,,,
2000,,,SCANDENTIA,,,,,,,,,,,Tupaiidae,,,Ptilocercinae,,,,,,,0,0,1000,,
3000,,,SCANDENTIA,,,,,,,,,,,Tupaiidae,,,Tupaiinae,,,Tupaia miocenica,,Таиланд,asia,16.8,17.9,,,
4000,,,SCANDENTIA,,,,,,,,,,,Tupaiidae,,,Tupaiinae,,,Tupaia sivalicus,,Индия,asia,8.8,9.9,,,
5000,,,SCANDENTIA,,,,,,,,,,,Tupaiidae,,,Tupaiinae,,,Prodendrogale yunnanica,,Китай,asia,5.7,6.8,,,
6000,,,SCANDENTIA,,,,,,,,,,,Tupaiidae,,,Tupaiinae,,,,,,,0,0,,,
7000,,,DERMOPTERA,,,,,,,,PLAGIOMENOIDEA,,,Mixodectidae,,,,,,,,США,n_america,60.2,64.9,,,
8000,,,DERMOPTERA,,,,,,,,PLAGIOMENOIDEA,,,Placentidentidae,,,,,,,,Франция,europe,51,53.1,,,
9000,,,DERMOPTERA,,,,,,,,PLAGIOMENOIDEA,,,Cynocephalidae,,,,,,Dermotherium sp.,,Бирма,asia,37.4,38.7,,,
10000,,,DERMOPTERA,,,,,,,,PLAGIOMENOIDEA,,,Cynocephalidae,,,,,,Dermotherium major,,Таиланд,asia,34.3,36.5,,,
11000,,,DERMOPTERA,,,,,,,,PLAGIOMENOIDEA,,,Cynocephalidae,,,,,,Dermotherium chimaera,,Пакистан,asia,30.1,32.3,,,
12000,,,DERMOPTERA,,,,,,,,PLAGIOMENOIDEA,,,Cynocephalidae,,,,,,Dermotherium chimaera,,Таиланд,asia,24.6,26.8,,,
13000,,,DERMOPTERA,,,,,,,,PLAGIOMENOIDEA,,,Cynocephalidae,,,,,,,,,,0,0,,,
14000,,,DERMOPTERA,,,,,,,,PLAGIOMENOIDEA,,,Plagiomenidae,,,incertae sedis,,,,,США,n_america,57.8,64.3,,,
15000,,,DERMOPTERA,,,,,,,,PLAGIOMENOIDEA,,,Plagiomenidae,,,Plagiomeninae,,,,,Канада,n_america,49.9,57.2,,,
16000,,,DERMOPTERA,,,,,,,,PLAGIOMENOIDEA,,,Plagiomenidae,,,Plagiomeninae,,,,,США,n_america,49.9,57.2,,,
17000,,,DERMOPTERA,,,,,,,,PLAGIOMENOIDEA,,,Plagiomenidae,,,Thylacaelurinae,,,,,Канада,n_america,35.4,36.6,,,
18000,,,DERMOPTERA,,,,,,,,PLAGIOMENOIDEA,,,Plagiomenidae,,,Ekgmowechashalinae,,,,,Таиланд,asia,33.8,34.5,,debug761,
19000,,,DERMOPTERA,,,,,,,,PLAGIOMENOIDEA,,,Plagiomenidae,,,Ekgmowechashalinae,,,,,США,n_america,27.4,28.6,,debug739,
20000,PRIMATOMORPHA,,INCERTAE SEDIS,,,,,,,,,,,Purgatoriidae,,,,,,,,США,n_america,62.9,64.9,,,
21000,PRIMATOMORPHA,,PLESIADAPIFORMES,,,,,,,,PLESIADAPOIDEA,,,Adapisoriculidae,,,,,,,,Европа,europe,55.1,64.9,20000,,
22000,PRIMATOMORPHA,,PLESIADAPIFORMES,,,,,,,,PLESIADAPOIDEA,,,Adapisoriculidae,,,,,,,,Северная Африка,africa,55.1,64.9,,,
23000,PRIMATOMORPHA,,PLESIADAPIFORMES,,,,,,,,PLESIADAPOIDEA,,,Adapisoriculidae,,,,,,,,Индия,asia,55.1,64.9,,,
24000,PRIMATOMORPHA,,PLESIADAPIFORMES,,,,,,,,PLESIADAPOIDEA,,,Plesiadapidae,,,Asioplesiadapinae,,,,,Китай,asia,51,53.1,,,
25000,PRIMATOMORPHA,,PLESIADAPIFORMES,,,,,,,,PLESIADAPOIDEA,,,Plesiadapidae,,,Plesiadapinae,,,,,Европа,europe,51,64.9,,,
26000,PRIMATOMORPHA,,PLESIADAPIFORMES,,,,,,,,PLESIADAPOIDEA,,,Plesiadapidae,,,Plesiadapinae,,,,,Северная Америка,n_america,51,64.9,,,
27000,PRIMATOMORPHA,,PLESIADAPIFORMES,,,,,,,,PLESIADAPOIDEA,,,Plesiadapidae,,,Plesiadapinae,,,,,Пакистан,asia,51,64.9,,,
28000,PRIMATOMORPHA,,PLESIADAPIFORMES,,,,,,,,PLESIADAPOIDEA,,,Saxonellidae,,,,,,,,Канада,n_america,56.3,58.1,,,
29000,PRIMATOMORPHA,,PLESIADAPIFORMES,,,,,,,,PLESIADAPOIDEA,,,Saxonellidae,,,,,,,,Германия,europe,56.3,58.1,,,
30000,PRIMATOMORPHA,,PLESIADAPIFORMES,,,,,,,,CARPOLESTOIDEA,,,Carpolestidae,,,Carpolestinae,,,,,Китай,asia,53.6,63.1,,,
31000,PRIMATOMORPHA,,PLESIADAPIFORMES,,,,,,,,CARPOLESTOIDEA,,,Carpolestidae,,,Carpolestinae,,,,,Северная Америка,n_america,53.6,63.1,,,
32000,PRIMATOMORPHA,,PLESIADAPIFORMES,,,,,,,,CARPOLESTOIDEA,,,Carpolestidae,,,Chronolestinae,,,,,Китай,asia,51,53.2,,,
33000,PRIMATOMORPHA,,PLESIADAPIFORMES,,,,,,,,CARPOLESTOIDEA,,,Carpolestidae,,,Parvocristinae,,,,,Пакистан,asia,47.4,48.8,,,
34000,PRIMATOMORPHA,,PLESIADAPIFORMES,,,,,,,,PAROMOMYOIDEA,,,Paromomyidae,,,Paromomyinae,,,,,США,n_america,59.1,60.6,,,
35000,PRIMATOMORPHA,,PLESIADAPIFORMES,,,,,,,,PAROMOMYOIDEA,,,Paromomyidae,,,Phenacolemurinae,,,,,Северная Америка,n_america,43.7,58.1,,,
36000,PRIMATOMORPHA,,PLESIADAPIFORMES,,,,,,,,PAROMOMYOIDEA,,,Paromomyidae,,,Phenacolemurinae,,,,,Европа,europe,43.7,58.1,,,
37000,PRIMATOMORPHA,,PLESIADAPIFORMES,,,,,,,,MICROSYOPOIDEA,,,Microsyopidae,,,Microsyopinae,,,,,США,n_america,42,56.4,,,
38000,PRIMATOMORPHA,,PLESIADAPIFORMES,,,,,,,,MICROSYOPOIDEA,,,Microsyopidae,,,Uintasoricinae,,,,,США,n_america,37.9,59.3,,,
39000,PRIMATOMORPHA,,PLESIADAPIFORMES,,,,,,,,INCERTAE SEDIS,,,Micromomyidae,,,Micromomyinae,,,,,Северная Америка,n_america,53,56.5,,,
40000,PRIMATOMORPHA,,PLESIADAPIFORMES,,,,,,,,INCERTAE SEDIS,,,Micromomyidae,,,Tinimomyinae,,,,,США,n_america,53,57.2,,,
41000,PRIMATOMORPHA,,PLESIADAPIFORMES,,,,,,,,INCERTAE SEDIS,,,Picrodontidae,,,,,,,,Северная Америка,n_america,56.2,61.4,,,
42000,PRIMATOMORPHA,,PLESIADAPIFORMES,,,,,,,,INCERTAE SEDIS,,,Picromomyidae,,,,,,,,Северная Америка,n_america,46,55.7,,,
43000,PRIMATOMORPHA,,PLESIADAPIFORMES,,,,,,,,MICROSYOPOIDEA,,,Toliapinidae,,,,,,,,Европа,europe,44.2,60,,,
44000,PRIMATOMORPHA,,PLESIADAPIFORMES,,,,,,,,MICROSYOPOIDEA,,,Toliapinidae,,,,,,,,Марокко,africa,44.2,60,,,
45000,PRIMATOMORPHA,,PLESIADAPIFORMES,,,,,,,,MICROSYOPOIDEA,,,Toliapinidae,,,,,,,,Пакистан,asia,44.2,60,,,
46000,PRIMATOMORPHA,,PLESIADAPIFORMES,,,,,,,,MICROSYOPOIDEA,,,Palaechthonidae,,,Plesiolestinae,,,,,США,n_america,56.9,63,,,
47000,PRIMATOMORPHA,,PLESIADAPIFORMES,,,,,,,,MICROSYOPOIDEA,,,Palaechthonidae,,,Palaechthoninae,,,,,США,n_america,56.9,62.9,,,
48000,PRIMATOMORPHA,,PRIMATES,STREPSIRRHINI,,,ADAPIFORMES,,,,,,,Notharctidae,,,Asiadapinae,,,,,Индия,asia,52.4,53.5,,,
49000,PRIMATOMORPHA,,PRIMATES,STREPSIRRHINI,,,ADAPIFORMES,,,,,,,Notharctidae,,,Caenopithecinae,,,,,Швейцария,europe,37,47.6,,,
50000,PRIMATOMORPHA,,PRIMATES,STREPSIRRHINI,,,ADAPIFORMES,,,,,,,Notharctidae,,,Caenopithecinae,,,,,Египет,africa,37,47.6,,,
51000,PRIMATOMORPHA,,PRIMATES,STREPSIRRHINI,,,ADAPIFORMES,,,,,,,Notharctidae,,,Cercamoniinae,,,,,Европа,europe,33.8,53.4,47000,,
52000,PRIMATOMORPHA,,PRIMATES,STREPSIRRHINI,,,ADAPIFORMES,,,,,,,Notharctidae,,,Cercamoniinae,,,,,Египет,africa,33.8,53.4,,,
53000,PRIMATOMORPHA,,PRIMATES,STREPSIRRHINI,,,ADAPIFORMES,,,,,,,Notharctidae,,,Cercamoniinae,,,,,Оман,asia,33.8,53.4,,,
54000,PRIMATOMORPHA,,PRIMATES,STREPSIRRHINI,,,ADAPIFORMES,,,,,,,Notharctidae,,,Cercamoniinae,,,,,Пакистан,asia,33.8,53.4,,,
55000,PRIMATOMORPHA,,PRIMATES,STREPSIRRHINI,,,ADAPIFORMES,,,,,,,Notharctidae,,,Cercamoniinae,,,,,Китай,asia,33.8,53.4,,,
56000,PRIMATOMORPHA,,PRIMATES,STREPSIRRHINI,,,ADAPIFORMES,,,,,,,Notharctidae,,,Notharctinae,,,,,Северная Америка,n_america,39.1,55.1,,,
57000,PRIMATOMORPHA,,PRIMATES,STREPSIRRHINI,,,ADAPIFORMES,,,,,,,Notharctidae,,,Cercamoniinae,,,,,Северная Америка,n_america,33.8,53.4,,,
58000,PRIMATOMORPHA,,PRIMATES,STREPSIRRHINI,,,ADAPIFORMES,,,,,,,Notharctidae,,,Notharctinae,,,,,Европа,europe,39.1,55.1,,,
59000,PRIMATOMORPHA,,PRIMATES,STREPSIRRHINI,,,ADAPIFORMES,,,,,,,Sivaladapidae,(или подсем. Sivaladapinae сем. Adapidae),,,,,,,Пакистан,asia,7.7,37.5,,,
60000,PRIMATOMORPHA,,PRIMATES,STREPSIRRHINI,,,ADAPIFORMES,,,,,,,Sivaladapidae,(или подсем. Sivaladapinae сем. Adapidae),,,,,,,Индия,asia,7.7,37.5,,,
61000,PRIMATOMORPHA,,PRIMATES,STREPSIRRHINI,,,ADAPIFORMES,,,,,,,Sivaladapidae,(или подсем. Sivaladapinae сем. Adapidae),,,,,,,Таиланд,asia,7.7,37.5,,,
62000,PRIMATOMORPHA,,PRIMATES,STREPSIRRHINI,,,ADAPIFORMES,,,,,,,Sivaladapidae,(или подсем. Sivaladapinae сем. Adapidae),,,,,,,Бирма,asia,7.7,37.5,,,
63000,PRIMATOMORPHA,,PRIMATES,STREPSIRRHINI,,,ADAPIFORMES,,,,,,,Azibiidae,,,,,,,,Северная Африка,africa,35.7,51.8,,,
64000,PRIMATOMORPHA,,PRIMATES,STREPSIRRHINI,,,ADAPIFORMES,,,,,,,Adapidae,,,Djebelemurinae,,,,,Северная Африка,africa,49.2,50.4,51000,,
65000,PRIMATOMORPHA,,PRIMATES,STREPSIRRHINI,,,ADAPIFORMES,,,,,,,Adapidae,,,Djebelemurinae,,,,,Северная Африка,africa,33.8,35,,,
66000,PRIMATOMORPHA,,PRIMATES,STREPSIRRHINI,,,ADAPIFORMES,,,,,,,Adapidae,,,Adapinae,,,,,Европа,europe,35.8,45,51000,,
67000,PRIMATOMORPHA,,PRIMATES,STREPSIRRHINI,,,ADAPIFORMES,,,,,,,Adapidae,,,Adapinae,,,,,Китай,asia,35.8,45,,,
69000,PRIMATOMORPHA,,PRIMATES,STREPSIRRHINI,,,CHIROMYIFORMES,,,,,,,Daubentoniidae,(=Chiromyidae),,,,,,,Мадагаскар,africa,0,0,96000,,
70000,PRIMATOMORPHA,,PRIMATES,STREPSIRRHINI,,,CHIROMYIFORMES,,,,,,,incertae sedis,,,,,,Nosmips aenigmaticus,,Египет,africa,37,37.7,,,
71000,PRIMATOMORPHA,,PRIMATES,STREPSIRRHINI,,,LORISIFORMES,,,,LORISOIDEA,,,incertae sedis,,,,,,Chasselasia eldredgei,,Швейцария,europe,43.5,46.4,64000,,
72000,PRIMATOMORPHA,,PRIMATES,STREPSIRRHINI,,,LORISIFORMES,,,,LORISOIDEA,,,Galagonidae,,,Galaginae,,,,,Африка,africa,0,0,,,
73000,PRIMATOMORPHA,,PRIMATES,STREPSIRRHINI,,,LORISIFORMES,,,,LORISOIDEA,,,Galagonidae,,,Galaginae,,,Saharagalago misrensis,,Египет,africa,35.2,41.2,71000,,
74000,PRIMATOMORPHA,,PRIMATES,STREPSIRRHINI,,,LORISIFORMES,,,,LORISOIDEA,,,Galagonidae,,,Galaginae,,,Galago farafraensis,,Египет,africa,10,11.2,,,
75000,PRIMATOMORPHA,,PRIMATES,STREPSIRRHINI,,,LORISIFORMES,,,,LORISOIDEA,,,Galagonidae,,,Galaginae,,,Galago farafraensis,,Египет,africa,3.2,5.1,,,
76000,PRIMATOMORPHA,,PRIMATES,STREPSIRRHINI,,,LORISIFORMES,,,,LORISOIDEA,,,Galagonidae,,,Galaginae,,,Galago farafraensis,,Египет,africa,1.3,2.2,,,
77000,PRIMATOMORPHA,,PRIMATES,STREPSIRRHINI,,,LORISIFORMES,,,,LORISOIDEA,,,Galagonidae,,,Kombinae,,,,,Кения,africa,15.1,20.1,,,
78000,PRIMATOMORPHA,,PRIMATES,STREPSIRRHINI,,,LORISIFORMES,,,,LORISOIDEA,,,Galagonidae,,,Kombinae,,,,,Уганда,africa,15.1,20.1,,,
79000,PRIMATOMORPHA,,PRIMATES,STREPSIRRHINI,,,ADAPIFORMES,,,,LORISOIDEA,,,Galagonidae,,,incertae sedis,,,Progalago dorae,,Кения,africa,19,19.8,,,
80000,PRIMATOMORPHA,,PRIMATES,STREPSIRRHINI,,,ADAPIFORMES,,,,LORISOIDEA,,,Galagonidae,,,incertae sedis,,,Progalago dorae,,Уганда,africa,19,19.8,,,
81000,PRIMATOMORPHA,,PRIMATES,STREPSIRRHINI,,,ADAPIFORMES,,,,LORISOIDEA,,,Galagonidae,,,incertae sedis,,,,,Эфиопия,africa,14.7,15.6,,,
82000,PRIMATOMORPHA,,PRIMATES,STREPSIRRHINI,,,ADAPIFORMES,,,,LORISOIDEA,,,Galagonidae,,,incertae sedis,,,,,Кения,africa,9.2,10,,,
83000,PRIMATOMORPHA,,PRIMATES,STREPSIRRHINI,,,ADAPIFORMES,,,,LORISOIDEA,,,Galagonidae,,,incertae sedis,,,,,Уганда,africa,5.6,6.5,,,
84000,PRIMATOMORPHA,,PRIMATES,STREPSIRRHINI,,,ADAPIFORMES,,,,LORISOIDEA,,,Galagonidae,,,incertae sedis,,,,,Танзания,africa,3.6,4.4,,,
85000,PRIMATOMORPHA,,PRIMATES,STREPSIRRHINI,,,ADAPIFORMES,,,,LORISOIDEA,,,Galagonidae,,,incertae sedis,,,,,Намибия,africa,1.3,2.1,,,
86000,PRIMATOMORPHA,,PRIMATES,STREPSIRRHINI,,,ADAPIFORMES,,,,LORISOIDEA,,,Lorisidae,,,Perodicticinae,,,Karanisia,,Египет,africa,35,41.6,,,
87000,PRIMATOMORPHA,,PRIMATES,STREPSIRRHINI,,,ADAPIFORMES,,,,LORISOIDEA,,,Lorisidae,,,Perodicticinae,,,Karanisia,,Ливия,africa,35,41.6,,,
88000,PRIMATOMORPHA,,PRIMATES,STREPSIRRHINI,,,ADAPIFORMES,,,,LORISOIDEA,,,Lorisidae,,,Lorisinae,,,Nycticebus linglom,,Таиланд,asia,17.7,18.4,,,
89000,PRIMATOMORPHA,,PRIMATES,STREPSIRRHINI,,,ADAPIFORMES,,,,LORISOIDEA,,,Lorisidae,,,Lorisinae,,,Nycticeboides simpsoni,,Пакистан,asia,14.9,16,89000,,
90000,PRIMATOMORPHA,,PRIMATES,STREPSIRRHINI,,,ADAPIFORMES,,,,LORISOIDEA,,,Lorisidae,,,Lorisinae,,,Microloris pilbeami,,Пакистан,asia,9.1,10,,,
91000,PRIMATOMORPHA,,PRIMATES,STREPSIRRHINI,,,ADAPIFORMES,,,,LORISOIDEA,,,Lorisidae,,,Perodicticinae,,,,,Африка,africa,0,0,,,
92000,PRIMATOMORPHA,,PRIMATES,STREPSIRRHINI,,,ADAPIFORMES,,,,LORISOIDEA,,,Lorisidae,,,Lorisinae,,,,,Индостан,asia,0,0,,,
93000,PRIMATOMORPHA,,PRIMATES,STREPSIRRHINI,,,ADAPIFORMES,,,,LORISOIDEA,,,Lorisidae,,,Lorisinae,,,,,Китай,asia,0,0,,,
94000,PRIMATOMORPHA,,PRIMATES,STREPSIRRHINI,,,ADAPIFORMES,,,,LORISOIDEA,,,Lorisidae,,,Lorisinae,,,,,Юго-Восточная Азия,asia,0,0,,,
95000,PRIMATOMORPHA,,PRIMATES,STREPSIRRHINI,,,ADAPIFORMES,,,,LORISOIDEA,,,Lorisidae,,,Lorisinae,,,,,Индонезия,asia,0,0,,,
96000,PRIMATOMORPHA,,PRIMATES,STREPSIRRHINI,,,ADAPIFORMES,,,,PLESIOPITHECOIDEA,,,Plesiopithecidae,,,,,,,,Египет,africa,35.7,36.4,,,
97000,PRIMATOMORPHA,,PRIMATES,STREPSIRRHINI,,,LEMURIFORMES,,,,LEMUROIDEA,,,Lemuridae,,,Lemurinae,,,,,Мадагаскар,africa,0,0,,,
98000,PRIMATOMORPHA,,PRIMATES,STREPSIRRHINI,,,LEMURIFORMES,,,,LEMUROIDEA,,,Lemuridae,,,Hapalemurinae,,,,,Мадагаскар,africa,0,0,,,
99000,PRIMATOMORPHA,,PRIMATES,STREPSIRRHINI,,,LEMURIFORMES,,,,LEMUROIDEA,,,Indriidae,(= надсем. Indrioidea),,Archaeolemurinae,(= сем. Archaeolemuridae,,,,Мадагаскар,africa,0,0,,,
100000,PRIMATOMORPHA,,PRIMATES,STREPSIRRHINI,,,LEMURIFORMES,,,,LEMUROIDEA,,,Indriidae,(= надсем. Indrioidea),,Indriinae,,,,,Мадагаскар,africa,0,0,,,
101000,PRIMATOMORPHA,,PRIMATES,STREPSIRRHINI,,,LEMURIFORMES,,,,LEMUROIDEA,,,Indriidae,(= надсем. Indrioidea),,Palaeopropithecinae,(= сем. Palaeopropithecidae),,,,Мадагаскар,africa,0,0,,,
102000,PRIMATOMORPHA,,PRIMATES,STREPSIRRHINI,,,LEMURIFORMES,,,,CHEIROGALEOIDEA,,,Cheirogaleidae,,,Cheirogaleinae,,,,,Мадагаскар,africa,0,0,,,
103000,PRIMATOMORPHA,,PRIMATES,STREPSIRRHINI,,,LEMURIFORMES,,,,CHEIROGALEOIDEA,,,Cheirogaleidae,,,Cheirogaleinae,,,Bugtilemur mathesoni,,Пакистан,asia,30.1,32.3,,,
104000,PRIMATOMORPHA,,PRIMATES,STREPSIRRHINI,,,LEMURIFORMES,,,,CHEIROGALEOIDEA,,,Cheirogaleidae,,,Phanerinae,,,,,Мадагаскар,africa,0,0,,,
105000,PRIMATOMORPHA,,PRIMATES,STREPSIRRHINI,,,,,,,,,,incertae sedis,,,,,,Petrolemur brevirostre,,Китай,asia,56.3,58.2,,,
106000,PRIMATOMORPHA,,PRIMATES,HAPLORRHINI,TARSIIFORMES,,OMOMYIFORMES,(=надсем. OMOMYOIDEA),,,,,,Microchoeridae,(=Necrolemuridae),,,,,,,Европа,europe,31.5,55.6,,,
107000,PRIMATOMORPHA,,PRIMATES,HAPLORRHINI,TARSIIFORMES,,OMOMYIFORMES,(=надсем. OMOMYOIDEA),,,,,,Microchoeridae,(=Necrolemuridae),,,,,,,Китай,asia,31.5,55.6,,,
108000,PRIMATOMORPHA,,PRIMATES,HAPLORRHINI,TARSIIFORMES,,OMOMYIFORMES,(=надсем. OMOMYOIDEA),,,,,,Microchoeridae,(=Necrolemuridae),,,,,,,Пакистан,asia,31.5,55.6,,,
109000,PRIMATOMORPHA,,PRIMATES,HAPLORRHINI,TARSIIFORMES,,OMOMYIFORMES,(=надсем. OMOMYOIDEA),,,,,,Omomyidae,,,Decoredontinae,,,,,Китай,asia,58.6,61.5,47000,,
110000,PRIMATOMORPHA,,PRIMATES,HAPLORRHINI,TARSIIFORMES,,OMOMYIFORMES,(=надсем. OMOMYOIDEA),,,,,,Omomyidae,,,Anaptomorphinae,(=Tetoniidae),,,,Северная Америка,n_america,41.9,55.6,,,
111000,PRIMATOMORPHA,,PRIMATES,HAPLORRHINI,TARSIIFORMES,,OMOMYIFORMES,(=надсем. OMOMYOIDEA),,,,,,Omomyidae,,,Anaptomorphinae,(=Tetoniidae),,,,Египет,africa,41.9,55.6,,,
112000,PRIMATOMORPHA,,PRIMATES,HAPLORRHINI,TARSIIFORMES,,OMOMYIFORMES,(=надсем. OMOMYOIDEA),,,,,,Omomyidae,,,Anaptomorphinae,(=Tetoniidae),,,,Европа,europe,41.9,55.6,,,
113000,PRIMATOMORPHA,,PRIMATES,HAPLORRHINI,TARSIIFORMES,,OMOMYIFORMES,(=надсем. OMOMYOIDEA),,,,,,Omomyidae,,,Anaptomorphinae,(=Tetoniidae),,,,Монголия,asia,41.9,55.6,,,
114000,PRIMATOMORPHA,,PRIMATES,HAPLORRHINI,TARSIIFORMES,,OMOMYIFORMES,(=надсем. OMOMYOIDEA),,,,,,Omomyidae,,,Anaptomorphinae,(=Tetoniidae),,,,Китай,asia,41.9,55.6,,,
115000,PRIMATOMORPHA,,PRIMATES,HAPLORRHINI,TARSIIFORMES,,OMOMYIFORMES,(=надсем. OMOMYOIDEA),,,,,,Omomyidae,,,Omomyinae,(=Macrotarsiinae),,,,Северная Америка,n_america,33.8,53,,,
116000,PRIMATOMORPHA,,PRIMATES,HAPLORRHINI,TARSIIFORMES,,OMOMYIFORMES,(=надсем. OMOMYOIDEA),,,,,,Omomyidae,,,Omomyinae,(=Macrotarsiinae),,,,Китай,asia,33.8,53,,,
117000,PRIMATOMORPHA,,PRIMATES,HAPLORRHINI,TARSIIFORMES,,OMOMYIFORMES,(=надсем. OMOMYOIDEA),,,,,,Omomyidae,,,incertae sedis,,,,,Индия,asia,52.9,55.6,,,
118000,PRIMATOMORPHA,,PRIMATES,HAPLORRHINI,TARSIIFORMES,,OMOMYIFORMES,(=надсем. OMOMYOIDEA),,,,,,Omomyidae,,,incertae sedis,,,,,Пакистан,asia,52.9,55.6,,,
119000,PRIMATOMORPHA,,PRIMATES,HAPLORRHINI,TARSIIFORMES,,OMOMYIFORMES,(=надсем. OMOMYOIDEA),,,,,,Omomyidae,,,incertae sedis,,,,,Китай,asia,52.9,55.6,,,
120000,PRIMATOMORPHA,,PRIMATES,HAPLORRHINI,TARSIIFORMES,,OMOMYIFORMES,(=надсем. OMOMYOIDEA),,,,,,Omomyidae,,,Tarkadectinae,,,,,США,n_america,41.9,45.9,,,
121000,PRIMATOMORPHA,,PRIMATES,HAPLORRHINI,TARSIIFORMES,,OMOMYIFORMES,(=надсем. OMOMYOIDEA),,,,,,Omomyidae,,,Tarkadectinae,,,,,Китай,asia,41.9,45.9,,,
122000,PRIMATOMORPHA,,PRIMATES,HAPLORRHINI,TARSIIFORMES,,OMOMYIFORMES,(=надсем. OMOMYOIDEA)?,,,,,,Archicebidae,,,,,,,,Китай,asia,54.8,55.7,109000,,
123000,PRIMATOMORPHA,,PRIMATES,HAPLORRHINI,TARSIIFORMES,,TARSIIFORMES,,,,,,,Tarsiidae,,,,,,Xanthorhysis tabrumi,,Китай,asia,44.4,45.4,122000,,
124000,PRIMATOMORPHA,,PRIMATES,HAPLORRHINI,TARSIIFORMES,,TARSIIFORMES,,,,,,,Tarsiidae,,,,,,Tarsius eocaenus,,Китай,asia,37,38,,,
125000,PRIMATOMORPHA,,PRIMATES,HAPLORRHINI,TARSIIFORMES,,TARSIIFORMES,,,,,,,Tarsiidae,,,,,,Tarsius thailandica,,Таиланд,asia,16,18.3,,,
126000,PRIMATOMORPHA,,PRIMATES,HAPLORRHINI,TARSIIFORMES,,TARSIIFORMES,,,,,,,Tarsiidae,,,,,,Hesperotarsius sindhensis,,Пакистан,asia,16,18.3,,,
127000,PRIMATOMORPHA,,PRIMATES,HAPLORRHINI,TARSIIFORMES,,TARSIIFORMES,,,,,,,Tarsiidae,,,,,,Tarsius Sirindhornae,,Таиланд,asia,12.7,13.9,,,
128000,PRIMATOMORPHA,,PRIMATES,HAPLORRHINI,TARSIIFORMES,,TARSIIFORMES,,,,,,,Tarsiidae,,,,,,,,Китай,asia,0,0,,,
129000,PRIMATOMORPHA,,PRIMATES,HAPLORRHINI,TARSIIFORMES,,TARSIIFORMES,,,,,,,Tarsiidae,,,,,,,,Пакистан,asia,0,0,,,
130000,PRIMATOMORPHA,,PRIMATES,HAPLORRHINI,TARSIIFORMES,,TARSIIFORMES,,,,,,,Tarsiidae,,,,,,,,Таиланд,asia,0,0,,,
131000,PRIMATOMORPHA,,PRIMATES,HAPLORRHINI,TARSIIFORMES,,TARSIIFORMES,,,,,,,Tarsiidae,,,,,,,,Филиппины,asia,0,0,,,
132000,PRIMATOMORPHA,,PRIMATES,HAPLORRHINI,TARSIIFORMES,,TARSIIFORMES,,,,,,,Tarsiidae,,,,,,,,Индонезия,asia,0,0,,,
133000,PRIMATOMORPHA,,PRIMATES,HAPLORRHINI,ANTHROPOIDEA,,EOSIMIIFORMES,,,,,,,Afrotarsiidae,,,,,,,,Ливия,africa,29.6,39.1,,,
134000,PRIMATOMORPHA,,PRIMATES,HAPLORRHINI,ANTHROPOIDEA,,EOSIMIIFORMES,,,,,,,Afrotarsiidae,,,,,,,,Бирма,asia,29.6,39.1,,,
135000,PRIMATOMORPHA,,PRIMATES,HAPLORRHINI,ANTHROPOIDEA,,EOSIMIIFORMES,,,,,,,Afrotarsiidae,,,,,,,,Египет,africa,29.6,39.1,,,
136000,PRIMATOMORPHA,,PRIMATES,HAPLORRHINI,ANTHROPOIDEA,,EOSIMIIFORMES,,,,,,,Eosimiidae,,,,,,,,Китай,asia,53.4,55,122000,,
137000,PRIMATOMORPHA,,PRIMATES,HAPLORRHINI,ANTHROPOIDEA,,EOSIMIIFORMES,,,,,,,Eosimiidae,,,,,,,,Бирма,asia,44.8,45.9,,,
138000,PRIMATOMORPHA,,PRIMATES,HAPLORRHINI,ANTHROPOIDEA,,EOSIMIIFORMES,,,,,,,Eosimiidae,,,,,,,,Индия,asia,37,37.8,,,
139000,PRIMATOMORPHA,,PRIMATES,HAPLORRHINI,ANTHROPOIDEA,,EOSIMIIFORMES,,,,,,,Eosimiidae,,,,,,,,Пакистан,asia,29.2,31.5,,,
140000,PRIMATOMORPHA,,PRIMATES,HAPLORRHINI,ANTHROPOIDEA,,EOSIMIIFORMES,,,,,,,incertae sedis,,,,,,Amamria tunisiensis,,Тунис,africa,39.6,40.6,,,
141000,PRIMATOMORPHA,,PRIMATES,HAPLORRHINI,ANTHROPOIDEA,,INCERTAE SEDIS,,,,PARAPITHECOIDEA,,,Parapithecidae,,,Parapithecinae,,,,,Египет,africa,28.5,39,,145,
142000,PRIMATOMORPHA,,PRIMATES,HAPLORRHINI,ANTHROPOIDEA,,INCERTAE SEDIS,,,,PARAPITHECOIDEA,,,Parapithecidae,,,Parapithecinae,,,,,Ливия,africa,28.5,39,,,
143000,PRIMATOMORPHA,,PRIMATES,HAPLORRHINI,ANTHROPOIDEA,,INCERTAE SEDIS,,,,PARAPITHECOIDEA,,,Parapithecidae,,,Parapithecinae,,,,,Кения,africa,28.5,39,,,
144000,PRIMATOMORPHA,,PRIMATES,HAPLORRHINI,ANTHROPOIDEA,,INCERTAE SEDIS,,,,PARAPITHECOIDEA,,,Parapithecidae,,,incertae sedis,,,Arsinoea kallimos,,Египет,africa,33.9,34.6,,,
145000,PRIMATOMORPHA,,PRIMATES,HAPLORRHINI,ANTHROPOIDEA,,INCERTAE SEDIS,,,,INCERTAE SEDIS,,,Amphipithecidae,,,,,,,,Бирма,asia,30.9,38.1,,145,
146000,PRIMATOMORPHA,,PRIMATES,HAPLORRHINI,ANTHROPOIDEA,,INCERTAE SEDIS,,,,INCERTAE SEDIS,,,Amphipithecidae,,,,,,,,Таиланд,asia,30.9,38.1,,,
147000,PRIMATOMORPHA,,PRIMATES,HAPLORRHINI,ANTHROPOIDEA,,INCERTAE SEDIS,,,,INCERTAE SEDIS,,,Amphipithecidae,,,,,,,,Пакистан,asia,30.9,38.1,,,
148000,PRIMATOMORPHA,,PRIMATES,HAPLORRHINI,ANTHROPOIDEA,,PLATYRRHINI,,,,CEBOIDEA,,,Callithrichidae,(=Callimiconidae =Hapalidae),,Callithrichinae,,,Lagonimico conclucatus,,Колумбия,s_america,12.2,13.8,,,
149000,PRIMATOMORPHA,,PRIMATES,HAPLORRHINI,ANTHROPOIDEA,,PLATYRRHINI,,,,CEBOIDEA,,,Callithrichidae,(=Callimiconidae =Hapalidae),,Callithrichinae,,,Micodon kiotensis,,Колумбия,s_america,12.2,13.8,,,
150000,PRIMATOMORPHA,,PRIMATES,HAPLORRHINI,ANTHROPOIDEA,,PLATYRRHINI,,,,CEBOIDEA,,,Callithrichidae,(=Callimiconidae =Hapalidae),,Callithrichinae,,,Patasola magdalena,,Колумбия,s_america,12.2,13.8,,,
151000,PRIMATOMORPHA,,PRIMATES,HAPLORRHINI,ANTHROPOIDEA,,PLATYRRHINI,,,,CEBOIDEA,,,Callithrichidae,(=Callimiconidae =Hapalidae),,Callimiconinae,,,,,Верхняя Амазония,s_america,0,0,,,
152000,PRIMATOMORPHA,,PRIMATES,HAPLORRHINI,ANTHROPOIDEA,,PLATYRRHINI,,,,CEBOIDEA,,,Callithrichidae,(=Callimiconidae =Hapalidae),,Callithrichinae,,,,,Южная Америка,s_america,0,0,,,
153000,PRIMATOMORPHA,,PRIMATES,HAPLORRHINI,ANTHROPOIDEA,,PLATYRRHINI,,,,CEBOIDEA,,,Cebidae,,,Alouattinae,(=Mycetinae),,Stirtonia victoriae,,Колумбия,s_america,13.3,13.8,,,
154000,PRIMATOMORPHA,,PRIMATES,HAPLORRHINI,ANTHROPOIDEA,,PLATYRRHINI,,,,CEBOIDEA,,,Cebidae,,,Alouattinae,(=Mycetinae),,,,Центральная Америка,n_america,0,0,,,
155000,PRIMATOMORPHA,,PRIMATES,HAPLORRHINI,ANTHROPOIDEA,,PLATYRRHINI,,,,CEBOIDEA,,,Cebidae,,,Alouattinae,(=Mycetinae),,,,Южная Америка,s_america,0,0,,,
156000,PRIMATOMORPHA,,PRIMATES,HAPLORRHINI,ANTHROPOIDEA,,PLATYRRHINI,,,,CEBOIDEA,,,Cebidae,,,Alouattinae,(=Mycetinae),,Stirtonia tatacoensis,,Колумбия,s_america,5.7,11.7,,,
157000,PRIMATOMORPHA,,PRIMATES,HAPLORRHINI,ANTHROPOIDEA,,PLATYRRHINI,,,,CEBOIDEA,,,Cebidae,,,Aotinae,(=Nyctipithecinae),,Tremacebus harringtoni,,Аргентина,s_america,17.6,21,,,
158000,PRIMATOMORPHA,,PRIMATES,HAPLORRHINI,ANTHROPOIDEA,,PLATYRRHINI,,,,CEBOIDEA,,,Cebidae,,,Aotinae,(=Nyctipithecinae),,Aotus dindensis,,Колумбия,s_america,13.3,13.8,,,
159000,PRIMATOMORPHA,,PRIMATES,HAPLORRHINI,ANTHROPOIDEA,,PLATYRRHINI,,,,CEBOIDEA,,,Cebidae,,,Aotinae,(=Nyctipithecinae),,,,Южная Америка,s_america,0,0,,,
160000,PRIMATOMORPHA,,PRIMATES,HAPLORRHINI,ANTHROPOIDEA,,PLATYRRHINI,,,,CEBOIDEA,,,Cebidae,,,Aotinae,(=Nyctipithecinae),,,,Гаити,n_america,0,0,,,
161000,PRIMATOMORPHA,,PRIMATES,HAPLORRHINI,ANTHROPOIDEA,,PLATYRRHINI,,,,INCERTAE SEDIS,,,incertae sedis,,,,,,Perupithecus ucayaliensis,,Перу,s_america,39.7,40.6,193000,,
162000,PRIMATOMORPHA,,PRIMATES,HAPLORRHINI,ANTHROPOIDEA,,PLATYRRHINI,,,,CEBOIDEA,,,Cebidae,,,Callicebinae,,,Paralouatta marianae,,Куба,n_america,17.6,18.5,,,
163000,PRIMATOMORPHA,,PRIMATES,HAPLORRHINI,ANTHROPOIDEA,,PLATYRRHINI,,,,CEBOIDEA,,,Cebidae,,,Callicebinae,,,Miocallicebus villaviejai,,Колумбия,s_america,13.2,13.8,,,
164000,PRIMATOMORPHA,,PRIMATES,HAPLORRHINI,ANTHROPOIDEA,,PLATYRRHINI,,,,CEBOIDEA,,,Cebidae,,,Callicebinae,,,,,Южная Америка,s_america,0,0,,,
165000,PRIMATOMORPHA,,PRIMATES,HAPLORRHINI,ANTHROPOIDEA,,PLATYRRHINI,,,,CEBOIDEA,,,Cebidae,,,Atelinae,,,Solimoea acrensis,,Бразилия,s_america,6,8,,,
166000,PRIMATOMORPHA,,PRIMATES,HAPLORRHINI,ANTHROPOIDEA,,PLATYRRHINI,,,,CEBOIDEA,,,Cebidae,,,Atelinae,,,,,Южная Америка,s_america,0,0,,,
167000,PRIMATOMORPHA,,PRIMATES,HAPLORRHINI,ANTHROPOIDEA,,PLATYRRHINI,,,,CEBOIDEA,,,Cebidae,,,Atelinae,,,,,Куба,n_america,0,0,,,
168000,PRIMATOMORPHA,,PRIMATES,HAPLORRHINI,ANTHROPOIDEA,,PLATYRRHINI,,,,CEBOIDEA,,,Cebidae,,,Pitheciinae,,,Canaanimico amazonensis,,Перу,s_america,26.1,26.9,,,
169000,PRIMATOMORPHA,,PRIMATES,HAPLORRHINI,ANTHROPOIDEA,,PLATYRRHINI,,,,CEBOIDEA,,,Cebidae,,,Pitheciinae,,,Mazzonicebus almendrae,,Аргентина,s_america,19.6,20.4,,,
170000,PRIMATOMORPHA,,PRIMATES,HAPLORRHINI,ANTHROPOIDEA,,PLATYRRHINI,,,,CEBOIDEA,,,Cebidae,,,Pitheciinae,,,Carlocebus carmenensis,,Аргентина,s_america,16.7,17.5,,,
171000,PRIMATOMORPHA,,PRIMATES,HAPLORRHINI,ANTHROPOIDEA,,PLATYRRHINI,,,,CEBOIDEA,,,Cebidae,,,Pitheciinae,,,Carlocebus intermedius,,Аргентина,s_america,16.7,17.5,,,
172000,PRIMATOMORPHA,,PRIMATES,HAPLORRHINI,ANTHROPOIDEA,,PLATYRRHINI,,,,CEBOIDEA,,,Cebidae,,,Pitheciinae,,,Homunculus patagonicus,,Аргентина,s_america,16.7,17.5,,,
173000,PRIMATOMORPHA,,PRIMATES,HAPLORRHINI,ANTHROPOIDEA,,PLATYRRHINI,,,,CEBOIDEA,,,Cebidae,,,Pitheciinae,,,Soriacebus adrianae,,Аргентина,s_america,16.7,17.5,,,
174000,PRIMATOMORPHA,,PRIMATES,HAPLORRHINI,ANTHROPOIDEA,,PLATYRRHINI,,,,CEBOIDEA,,,Cebidae,,,Pitheciinae,,,Soriacebus ameghinorum,,Аргентина,s_america,16.7,17.5,,,
175000,PRIMATOMORPHA,,PRIMATES,HAPLORRHINI,ANTHROPOIDEA,,PLATYRRHINI,,,,CEBOIDEA,,,Cebidae,,,Pitheciinae,,,Propithecia neuquenensis,,Аргентина,s_america,15.3,16.1,,,
176000,PRIMATOMORPHA,,PRIMATES,HAPLORRHINI,ANTHROPOIDEA,,PLATYRRHINI,,,,CEBOIDEA,,,Cebidae,,,Pitheciinae,,,Cebupithecia sarmientoi,,Колумбия,s_america,13.3,13.8,,,
177000,PRIMATOMORPHA,,PRIMATES,HAPLORRHINI,ANTHROPOIDEA,,PLATYRRHINI,,,,CEBOIDEA,,,Cebidae,,,Pitheciinae,,,Mohanamico hershkovitzi,,Колумбия,s_america,13.3,13.8,,,
178000,PRIMATOMORPHA,,PRIMATES,HAPLORRHINI,ANTHROPOIDEA,,PLATYRRHINI,,,,CEBOIDEA,,,Cebidae,,,Pitheciinae,,,Nuciruptor rubricae,,Колумбия,s_america,13.3,13.8,,,
179000,PRIMATOMORPHA,,PRIMATES,HAPLORRHINI,ANTHROPOIDEA,,PLATYRRHINI,,,,CEBOIDEA,,,Cebidae,,,Saimiriinae,,,Killikaike blakei,,Аргентина,s_america,16,16.8,,,
180000,PRIMATOMORPHA,,PRIMATES,HAPLORRHINI,ANTHROPOIDEA,,PLATYRRHINI,,,,CEBOIDEA,,,Cebidae,,,Saimiriinae,,,Neosaimiri fieldsi,,Колумбия,s_america,13.3,13.8,,,
181000,PRIMATOMORPHA,,PRIMATES,HAPLORRHINI,ANTHROPOIDEA,,PLATYRRHINI,,,,CEBOIDEA,,,Cebidae,,,Saimiriinae,,,,,Центральная Америка,n_america,0,0,,,
182000,PRIMATOMORPHA,,PRIMATES,HAPLORRHINI,ANTHROPOIDEA,,PLATYRRHINI,,,,CEBOIDEA,,,Cebidae,,,Saimiriinae,,,,,Южная Америка,s_america,0,0,,,
183000,PRIMATOMORPHA,,PRIMATES,HAPLORRHINI,ANTHROPOIDEA,,PLATYRRHINI,,,,CEBOIDEA,,,Cebidae,,,Xenothrichinae,,,Xenothrix mcgregori,,Ямайка,n_america,0.1,0.2,,,
184000,PRIMATOMORPHA,,PRIMATES,HAPLORRHINI,ANTHROPOIDEA,,PLATYRRHINI,,,,CEBOIDEA,,,Cebidae,,,Pitheciinae,,,,,Южная Америка,s_america,0,0,,,
185000,PRIMATOMORPHA,,PRIMATES,HAPLORRHINI,ANTHROPOIDEA,,PLATYRRHINI,,,,CEBOIDEA,,,Cebidae,,,Branisellinae,,,,,Боливия,s_america,25.8,27.1,192000,,
186000,PRIMATOMORPHA,,PRIMATES,HAPLORRHINI,ANTHROPOIDEA,,PLATYRRHINI,,,,CEBOIDEA,,,Cebidae,,,Cebinae,,,Dolichocebus gaimanensis,,Аргентина,s_america,24.8,25.3,,,
187000,PRIMATOMORPHA,,PRIMATES,HAPLORRHINI,ANTHROPOIDEA,,PLATYRRHINI,,,,CEBOIDEA,,,Cebidae,,,Cebinae,,,Chilecebus carrascoensis,,Чили,s_america,19.9,20.5,,,
188000,PRIMATOMORPHA,,PRIMATES,HAPLORRHINI,ANTHROPOIDEA,,PLATYRRHINI,,,,CEBOIDEA,,,Cebidae,,,Cebinae,,,Laventiana annectens,,Колумбия,s_america,13.3,13.8,,,
189000,PRIMATOMORPHA,,PRIMATES,HAPLORRHINI,ANTHROPOIDEA,,PLATYRRHINI,,,,CEBOIDEA,,,Cebidae,,,Cebinae,,,Acrecebus fraileyi,,Бразилия,s_america,6,8,,,
190000,PRIMATOMORPHA,,PRIMATES,HAPLORRHINI,ANTHROPOIDEA,,PLATYRRHINI,,,,CEBOIDEA,,,Cebidae,,,Cebinae,,,,,Гаити,n_america,0,0,,,
191000,PRIMATOMORPHA,,PRIMATES,HAPLORRHINI,ANTHROPOIDEA,,PLATYRRHINI,,,,CEBOIDEA,,,Cebidae,,,Cebinae,,,,,Южная Америка,s_america,0,0,,,
192000,PRIMATOMORPHA,,PRIMATES,HAPLORRHINI,ANTHROPOIDEA,,CATARRHINI,,EOCATARRHINI,,PROPLIOPITHECOIDEA,,,Propliopithecidae,,,Propliopithecinae,,,,,Египет,africa,29.5,31.5,,,
193000,PRIMATOMORPHA,,PRIMATES,HAPLORRHINI,ANTHROPOIDEA,,CATARRHINI,,EOCATARRHINI,,PROPLIOPITHECOIDEA,,,Propliopithecidae,,,Oligopithecinae,,,,,Ливия,africa,28,39.1,145000,,
194000,PRIMATOMORPHA,,PRIMATES,HAPLORRHINI,ANTHROPOIDEA,,CATARRHINI,,EOCATARRHINI,,PROPLIOPITHECOIDEA,,,Propliopithecidae,,,Oligopithecinae,,,,,Египет,africa,28,39.1,,,
195000,PRIMATOMORPHA,,PRIMATES,HAPLORRHINI,ANTHROPOIDEA,,CATARRHINI,,EOCATARRHINI,,PROPLIOPITHECOIDEA,,,Proteopithecidae,,,,,,,,Египет,africa,33.8,34.6,,,
196000,PRIMATOMORPHA,,PRIMATES,HAPLORRHINI,ANTHROPOIDEA,,CATARRHINI,,EOCATARRHINI,,PLIOPITHECOIDEA,,,Dionysopithecidae,(=подсем. Dionysopithecinae),,,,,,,Таиланд,asia,12.1,20,192000,,
197000,PRIMATOMORPHA,,PRIMATES,HAPLORRHINI,ANTHROPOIDEA,,CATARRHINI,,EOCATARRHINI,,PLIOPITHECOIDEA,,,Dionysopithecidae,(=подсем. Dionysopithecinae),,,,,,,Китай,asia,12.1,20,,,
198000,PRIMATOMORPHA,,PRIMATES,HAPLORRHINI,ANTHROPOIDEA,,CATARRHINI,,EOCATARRHINI,,PLIOPITHECOIDEA,,,Dionysopithecidae,(=подсем. Dionysopithecinae),,,,,,,Пакистан,asia,12.1,20,,,
199000,PRIMATOMORPHA,,PRIMATES,HAPLORRHINI,ANTHROPOIDEA,,CATARRHINI,,EOCATARRHINI,,PLIOPITHECOIDEA,,,Pliopithecidae,,,Crouzeliinae,,,,,Европа,europe,6.1,14.5,,,
200000,PRIMATOMORPHA,,PRIMATES,HAPLORRHINI,ANTHROPOIDEA,,CATARRHINI,,EOCATARRHINI,,PLIOPITHECOIDEA,,,Pliopithecidae,,,Crouzeliinae,,,,,Китай,asia,6.1,14.5,,,
201000,PRIMATOMORPHA,,PRIMATES,HAPLORRHINI,ANTHROPOIDEA,,CATARRHINI,,EOCATARRHINI,,PLIOPITHECOIDEA,,,Pliopithecidae,,,Pliopithecinae,,,,,Европа,europe,14.5,17.2,,,
202000,PRIMATOMORPHA,,PRIMATES,HAPLORRHINI,ANTHROPOIDEA,,CATARRHINI,,EOCATARRHINI,,PLIOPITHECOIDEA,,,Pliopithecidae,,,Pliopithecinae,,,,,Китай,asia,11.7,12.5,,,
203000,PRIMATOMORPHA,,PRIMATES,HAPLORRHINI,ANTHROPOIDEA,,CATARRHINI,,EOCATARRHINI,,PLIOPITHECOIDEA,,,Pliopithecidae,,,incertae sedis,,,Paidopithex rhenanus,(=Semnopithecus eppelsheimensis),,,9.4,9.7,,,
204000,PRIMATOMORPHA,,PRIMATES,HAPLORRHINI,ANTHROPOIDEA,,CATARRHINI,,EOCATARRHINI,,PLIOPITHECOIDEA,,,incertae sedis,,,,,,Lomorupithecus harrisoni,,Уганда,africa,19,20,,,
205000,PRIMATOMORPHA,,PRIMATES,HAPLORRHINI,ANTHROPOIDEA,,CATARRHINI,,EOCATARRHINI,,SAADANIOIDEA,,,Saadaniidae,,,,,,,,Саудовская Аравия,asia,28.1,29,192000,,
206000,PRIMATOMORPHA,,PRIMATES,HAPLORRHINI,ANTHROPOIDEA,,CATARRHINI,,EOCATARRHINI,,CERCOPITHECOIDEA,(=Simioidea =Cynomorpha),,Victoriapithecidae,,,,,,,,Ливия,africa,25.1,25.6,205000,,
207000,PRIMATOMORPHA,,PRIMATES,HAPLORRHINI,ANTHROPOIDEA,,CATARRHINI,,EOCATARRHINI,,CERCOPITHECOIDEA,(=Simioidea =Cynomorpha),,Victoriapithecidae,,,,,,,,Египет,africa,25.1,25.6,,,
208000,PRIMATOMORPHA,,PRIMATES,HAPLORRHINI,ANTHROPOIDEA,,CATARRHINI,,EOCATARRHINI,,CERCOPITHECOIDEA,(=Simioidea =Cynomorpha),,Victoriapithecidae,,,,,,,,Восточная Африка,africa,25.1,25.6,,,
209000,PRIMATOMORPHA,,PRIMATES,HAPLORRHINI,ANTHROPOIDEA,,CATARRHINI,,EOCATARRHINI,,CERCOPITHECOIDEA,(=Simioidea =Cynomorpha),,Victoriapithecidae,,,,,,,,Восточная Африка,africa,9,20.2,206000,,
210000,PRIMATOMORPHA,,PRIMATES,HAPLORRHINI,ANTHROPOIDEA,,CATARRHINI,,EOCATARRHINI,,CERCOPITHECOIDEA,(=Simioidea =Cynomorpha),,Victoriapithecidae,,,,,,,,Египет,africa,9,20.2,,,
211000,PRIMATOMORPHA,,PRIMATES,HAPLORRHINI,ANTHROPOIDEA,,CATARRHINI,,EOCATARRHINI,,CERCOPITHECOIDEA,(=Simioidea =Cynomorpha),,Victoriapithecidae,,,,,,,,Ливия,africa,9,20.2,,,
212000,PRIMATOMORPHA,,PRIMATES,HAPLORRHINI,ANTHROPOIDEA,,CATARRHINI,,EOCATARRHINI,,CERCOPITHECOIDEA,(=Simioidea =Cynomorpha),,Cercopithecidae,,,Cercopithecinae,,,,,Европа,europe,0,7.2,,,
213000,PRIMATOMORPHA,,PRIMATES,HAPLORRHINI,ANTHROPOIDEA,,CATARRHINI,,EOCATARRHINI,,CERCOPITHECOIDEA,(=Simioidea =Cynomorpha),,Cercopithecidae,,,Cercopithecinae,,,,,Азия,asia,0,7.2,,,
214000,PRIMATOMORPHA,,PRIMATES,HAPLORRHINI,ANTHROPOIDEA,,CATARRHINI,,EOCATARRHINI,,CERCOPITHECOIDEA,(=Simioidea =Cynomorpha),,Cercopithecidae,,,Cercopithecinae,,,Cercopithecidae gen. et sp. indet,,Кения,africa,12.1,12.8,209000,,
215000,PRIMATOMORPHA,,PRIMATES,HAPLORRHINI,ANTHROPOIDEA,,CATARRHINI,,EOCATARRHINI,,CERCOPITHECOIDEA,(=Simioidea =Cynomorpha),,Cercopithecidae,,,Cercopithecinae,,,,,Африка,africa,0,7.2,,,
216000,PRIMATOMORPHA,,PRIMATES,HAPLORRHINI,ANTHROPOIDEA,,CATARRHINI,,EOCATARRHINI,,CERCOPITHECOIDEA,(=Simioidea =Cynomorpha),,Cercopithecidae,,,Colobinae,(=Semnopithecinae =Presbytinae),,,,Африка,africa,0,10.7,,,
217000,PRIMATOMORPHA,,PRIMATES,HAPLORRHINI,ANTHROPOIDEA,,CATARRHINI,,EOCATARRHINI,,CERCOPITHECOIDEA,(=Simioidea =Cynomorpha),,Cercopithecidae,,,Colobinae,(=Semnopithecinae =Presbytinae),,,,Европа,europe,0,10.7,,,
218000,PRIMATOMORPHA,,PRIMATES,HAPLORRHINI,ANTHROPOIDEA,,CATARRHINI,,EOCATARRHINI,,CERCOPITHECOIDEA,(=Simioidea =Cynomorpha),,Cercopithecidae,,,Colobinae,(=Semnopithecinae =Presbytinae),,,,Азия,asia,0,10.7,,,
219000,PRIMATOMORPHA,,PRIMATES,HAPLORRHINI,ANTHROPOIDEA,,CATARRHINI,,EOCATARRHINI,,HOMINOIDEA,(=ANTHROPOIDEA =ANTHROPOMORPHA),,Dendropithecidae,,,,,,,,Кения,africa,19,20.1,205000,,
220000,PRIMATOMORPHA,,PRIMATES,HAPLORRHINI,ANTHROPOIDEA,,CATARRHINI,,EOCATARRHINI,,HOMINOIDEA,(=ANTHROPOIDEA =ANTHROPOMORPHA),,Dendropithecidae,,,,,,,,Уганда,africa,14.5,17.9,,,
221000,PRIMATOMORPHA,,PRIMATES,HAPLORRHINI,ANTHROPOIDEA,,CATARRHINI,,EOCATARRHINI,,HOMINOIDEA,(=ANTHROPOIDEA =ANTHROPOMORPHA),,Hylobatidae,,,,,,Yuanmoupithecus xiaoyuan,,Китай,asia,7.1,9.1,220000,,
222000,PRIMATOMORPHA,,PRIMATES,HAPLORRHINI,ANTHROPOIDEA,,CATARRHINI,,EOCATARRHINI,,HOMINOIDEA,(=ANTHROPOIDEA =ANTHROPOMORPHA),,Hylobatidae,,,,,,,,Юго-Восточная Азия,asia,0,5.4,221000,,
223000,PRIMATOMORPHA,,PRIMATES,HAPLORRHINI,ANTHROPOIDEA,,CATARRHINI,,EOCATARRHINI,,HOMINOIDEA,(=ANTHROPOIDEA =ANTHROPOMORPHA),,Hylobatidae,,,,,,,,Индонезия,asia,0,5.5,221000,,
224000,PRIMATOMORPHA,,PRIMATES,HAPLORRHINI,ANTHROPOIDEA,,CATARRHINI,,EOCATARRHINI,,HOMINOIDEA,(=ANTHROPOIDEA =ANTHROPOMORPHA),,Pliobatidae,,,,,,,,Испания,europe,11.3,12,,,
225000,PRIMATOMORPHA,,PRIMATES,HAPLORRHINI,ANTHROPOIDEA,,CATARRHINI,,EOCATARRHINI,,HOMINOIDEA,(=ANTHROPOIDEA =ANTHROPOMORPHA),,Proconsulidae,,,Proconsulinae,,,,,Восточная Африка,africa,24.3,25.9,205000,,
226000,PRIMATOMORPHA,,PRIMATES,HAPLORRHINI,ANTHROPOIDEA,,CATARRHINI,,EOCATARRHINI,,HOMINOIDEA,(=ANTHROPOIDEA =ANTHROPOMORPHA),,Proconsulidae,,,Proconsulinae,,,,,Восточная Африка,africa,17,22,,,
227000,PRIMATOMORPHA,,PRIMATES,HAPLORRHINI,ANTHROPOIDEA,,CATARRHINI,,EOCATARRHINI,,HOMINOIDEA,(=ANTHROPOIDEA =ANTHROPOMORPHA),,Proconsulidae,,,Proconsulinae,,,,,Восточная Африка,africa,12,15.1,,,
228000,PRIMATOMORPHA,,PRIMATES,HAPLORRHINI,ANTHROPOIDEA,,CATARRHINI,,EOCATARRHINI,,HOMINOIDEA,(=ANTHROPOIDEA =ANTHROPOMORPHA),,Proconsulidae,,,Afropithecinae,,,,,Восточная Африка,africa,13.1,21.5,225000,,
229000,PRIMATOMORPHA,,PRIMATES,HAPLORRHINI,ANTHROPOIDEA,,CATARRHINI,,EOCATARRHINI,,HOMINOIDEA,(=ANTHROPOIDEA =ANTHROPOMORPHA),,Proconsulidae,,,Afropithecinae,,,,,Саудовская Аравия,asia,13.1,21.5,,,
230000,PRIMATOMORPHA,,PRIMATES,HAPLORRHINI,ANTHROPOIDEA,,CATARRHINI,,EOCATARRHINI,,HOMINOIDEA,(=ANTHROPOIDEA =ANTHROPOMORPHA),,Proconsulidae,,,Nyanzapithecinae,,,,,Восточная Африка,africa,25,25.5,225000,,
231000,PRIMATOMORPHA,,PRIMATES,HAPLORRHINI,ANTHROPOIDEA,,CATARRHINI,,EOCATARRHINI,,HOMINOIDEA,(=ANTHROPOIDEA =ANTHROPOMORPHA),,Proconsulidae,,,Nyanzapithecinae,,,,,Восточная Африка,africa,13.1,19,230000,,
232000,PRIMATOMORPHA,,PRIMATES,HAPLORRHINI,ANTHROPOIDEA,,CATARRHINI,,EOCATARRHINI,,HOMINOIDEA,(=ANTHROPOIDEA =ANTHROPOMORPHA),,Oreopithecidae,,,,,,,,Молдавия,europe,6.9,8.3,231000,,
233000,PRIMATOMORPHA,,PRIMATES,HAPLORRHINI,ANTHROPOIDEA,,CATARRHINI,,EOCATARRHINI,,HOMINOIDEA,(=ANTHROPOIDEA =ANTHROPOMORPHA),,Oreopithecidae,,,,,,,,Италия,europe,6.9,8.3,,,
234000,PRIMATOMORPHA,,PRIMATES,HAPLORRHINI,ANTHROPOIDEA,,CATARRHINI,,EOCATARRHINI,,HOMINOIDEA,(=ANTHROPOIDEA =ANTHROPOMORPHA),,Oreopithecidae,,,,,,,,Сардиния,europe,6.9,8.3,,,
235000,PRIMATOMORPHA,,PRIMATES,HAPLORRHINI,ANTHROPOIDEA,,CATARRHINI,,EOCATARRHINI,,HOMINOIDEA,(=ANTHROPOIDEA =ANTHROPOMORPHA),,Griphopithecidae,,,Griphopithecinae,,,,,Европа,europe,16.6,17,225000,,
236000,PRIMATOMORPHA,,PRIMATES,HAPLORRHINI,ANTHROPOIDEA,,CATARRHINI,,EOCATARRHINI,,HOMINOIDEA,(=ANTHROPOIDEA =ANTHROPOMORPHA),,Griphopithecidae,,,Griphopithecinae,,,,,Турция,asia,13.5,15,,,
237000,PRIMATOMORPHA,,PRIMATES,HAPLORRHINI,ANTHROPOIDEA,,CATARRHINI,,EOCATARRHINI,,HOMINOIDEA,(=ANTHROPOIDEA =ANTHROPOMORPHA),,Griphopithecidae,,,Kenyapithecinae,,,,,Турция,asia,16.5,17,225000,,
238000,PRIMATOMORPHA,,PRIMATES,HAPLORRHINI,ANTHROPOIDEA,,CATARRHINI,,EOCATARRHINI,,HOMINOIDEA,(=ANTHROPOIDEA =ANTHROPOMORPHA),,Griphopithecidae,,,Kenyapithecinae,,,,,Кения,africa,12.5,15,,,
239000,PRIMATOMORPHA,,PRIMATES,HAPLORRHINI,ANTHROPOIDEA,,CATARRHINI,,EOCATARRHINI,,HOMINOIDEA,(=ANTHROPOIDEA =ANTHROPOMORPHA),,Pongidae,(=Anthropomorphidae),,Dryopithecinae,,,,,Китай,asia,6,13.1,237000,,
240000,PRIMATOMORPHA,,PRIMATES,HAPLORRHINI,ANTHROPOIDEA,,CATARRHINI,,EOCATARRHINI,,HOMINOIDEA,(=ANTHROPOIDEA =ANTHROPOMORPHA),,Pongidae,(=Anthropomorphidae),,Dryopithecinae,,,,,Европа,europe,6,13.1,,,
241000,PRIMATOMORPHA,,PRIMATES,HAPLORRHINI,ANTHROPOIDEA,,CATARRHINI,,EOCATARRHINI,,HOMINOIDEA,(=ANTHROPOIDEA =ANTHROPOMORPHA),,Pongidae,(=Anthropomorphidae),,Dryopithecinae,,,,,Китай,asia,2,2.4,,,
242000,PRIMATOMORPHA,,PRIMATES,HAPLORRHINI,ANTHROPOIDEA,,CATARRHINI,,EOCATARRHINI,,HOMINOIDEA,(=ANTHROPOIDEA =ANTHROPOMORPHA),,Pongidae,(=Anthropomorphidae),,Dryopithecinae,,,,,Европа,europe,2,2.4,,,
243000,PRIMATOMORPHA,,PRIMATES,HAPLORRHINI,ANTHROPOIDEA,,CATARRHINI,,EOCATARRHINI,,HOMINOIDEA,(=ANTHROPOIDEA =ANTHROPOMORPHA),,Pongidae,(=Anthropomorphidae),,Ramapithecinae,,,,,Индия,asia,8,12.9,237000,,
244000,PRIMATOMORPHA,,PRIMATES,HAPLORRHINI,ANTHROPOIDEA,,CATARRHINI,,EOCATARRHINI,,HOMINOIDEA,(=ANTHROPOIDEA =ANTHROPOMORPHA),,Pongidae,(=Anthropomorphidae),,Ramapithecinae,,,,,Непал,asia,8,12.9,,,
245000,PRIMATOMORPHA,,PRIMATES,HAPLORRHINI,ANTHROPOIDEA,,CATARRHINI,,EOCATARRHINI,,HOMINOIDEA,(=ANTHROPOIDEA =ANTHROPOMORPHA),,Pongidae,(=Anthropomorphidae),,Ramapithecinae,,,,,Пакистан,asia,8,12.9,,,
246000,PRIMATOMORPHA,,PRIMATES,HAPLORRHINI,ANTHROPOIDEA,,CATARRHINI,,EOCATARRHINI,,HOMINOIDEA,(=ANTHROPOIDEA =ANTHROPOMORPHA),,Pongidae,(=Anthropomorphidae),,Ramapithecinae,,,,,Турция,asia,8,12.9,,,
247000,PRIMATOMORPHA,,PRIMATES,HAPLORRHINI,ANTHROPOIDEA,,CATARRHINI,,EOCATARRHINI,,HOMINOIDEA,(=ANTHROPOIDEA =ANTHROPOMORPHA),,Pongidae,(=Anthropomorphidae),,Giganthopithecinae,,,,,Пакистан,asia,5.1,10.1,243000,,
248000,PRIMATOMORPHA,,PRIMATES,HAPLORRHINI,ANTHROPOIDEA,,CATARRHINI,,EOCATARRHINI,,HOMINOIDEA,(=ANTHROPOIDEA =ANTHROPOMORPHA),,Pongidae,(=Anthropomorphidae),,Giganthopithecinae,,,,,Индия,asia,5.1,10.1,,,
249000,PRIMATOMORPHA,,PRIMATES,HAPLORRHINI,ANTHROPOIDEA,,CATARRHINI,,EOCATARRHINI,,HOMINOIDEA,(=ANTHROPOIDEA =ANTHROPOMORPHA),,Pongidae,(=Anthropomorphidae),,Giganthopithecinae,,,,,Китай,asia,5.1,10.1,,,
250000,PRIMATOMORPHA,,PRIMATES,HAPLORRHINI,ANTHROPOIDEA,,CATARRHINI,,EOCATARRHINI,,HOMINOIDEA,(=ANTHROPOIDEA =ANTHROPOMORPHA),,Pongidae,(=Anthropomorphidae),,Giganthopithecinae,,,,,Вьетнам,asia,5.1,10.1,,,
251000,PRIMATOMORPHA,,PRIMATES,HAPLORRHINI,ANTHROPOIDEA,,CATARRHINI,,EOCATARRHINI,,HOMINOIDEA,(=ANTHROPOIDEA =ANTHROPOMORPHA),,Pongidae,(=Anthropomorphidae),,Giganthopithecinae,,,,,Пакистан,asia,0.3,2,,,
252000,PRIMATOMORPHA,,PRIMATES,HAPLORRHINI,ANTHROPOIDEA,,CATARRHINI,,EOCATARRHINI,,HOMINOIDEA,(=ANTHROPOIDEA =ANTHROPOMORPHA),,Pongidae,(=Anthropomorphidae),,Giganthopithecinae,,,,,Индия,asia,0.3,2,,,
253000,PRIMATOMORPHA,,PRIMATES,HAPLORRHINI,ANTHROPOIDEA,,CATARRHINI,,EOCATARRHINI,,HOMINOIDEA,(=ANTHROPOIDEA =ANTHROPOMORPHA),,Pongidae,(=Anthropomorphidae),,Giganthopithecinae,,,,,Китай,asia,0.3,2,,,
254000,PRIMATOMORPHA,,PRIMATES,HAPLORRHINI,ANTHROPOIDEA,,CATARRHINI,,EOCATARRHINI,,HOMINOIDEA,(=ANTHROPOIDEA =ANTHROPOMORPHA),,Pongidae,(=Anthropomorphidae),,Giganthopithecinae,,,,,Вьетнам,asia,0.3,2,,,
255000,PRIMATOMORPHA,,PRIMATES,HAPLORRHINI,ANTHROPOIDEA,,CATARRHINI,,EOCATARRHINI,,HOMINOIDEA,(=ANTHROPOIDEA =ANTHROPOMORPHA),,Pongidae,(=Anthropomorphidae),,Ponginae,(=Simiinae),,Khoratpithecus,,Бирма,asia,7,13.5,237000,,
256000,PRIMATOMORPHA,,PRIMATES,HAPLORRHINI,ANTHROPOIDEA,,CATARRHINI,,EOCATARRHINI,,HOMINOIDEA,(=ANTHROPOIDEA =ANTHROPOMORPHA),,Pongidae,(=Anthropomorphidae),,Ponginae,(=Simiinae),,Khoratpithecus,,Таиланд,asia,7,13.5,,,
257000,PRIMATOMORPHA,,PRIMATES,HAPLORRHINI,ANTHROPOIDEA,,CATARRHINI,,EOCATARRHINI,,HOMINOIDEA,(=ANTHROPOIDEA =ANTHROPOMORPHA),,Pongidae,(=Anthropomorphidae),,Ponginae,(=Simiinae),,,,Юго-Восточная Азия,asia,0,1.1,,,
258000,PRIMATOMORPHA,,PRIMATES,HAPLORRHINI,ANTHROPOIDEA,,CATARRHINI,,EOCATARRHINI,,HOMINOIDEA,(=ANTHROPOIDEA =ANTHROPOMORPHA),,Pongidae,(=Anthropomorphidae),,Ponginae,(=Simiinae),,,,Индонезия,asia,0,1.1,,,
259000,PRIMATOMORPHA,,PRIMATES,HAPLORRHINI,ANTHROPOIDEA,,CATARRHINI,,EOCATARRHINI,,HOMINOIDEA,(=ANTHROPOIDEA =ANTHROPOMORPHA),,Pongidae,(=Anthropomorphidae),,Gorillinae,(=Anthropopithecinae =Anthropithecinae),,,,Европа,europe,11.4,12,237000,,
260000,PRIMATOMORPHA,,PRIMATES,HAPLORRHINI,ANTHROPOIDEA,,CATARRHINI,,EOCATARRHINI,,HOMINOIDEA,(=ANTHROPOIDEA =ANTHROPOMORPHA),,Pongidae,(=Anthropomorphidae),,Gorillinae,(=Anthropopithecinae =Anthropithecinae),,,,Турция,asia,11.4,12,,,
261000,PRIMATOMORPHA,,PRIMATES,HAPLORRHINI,ANTHROPOIDEA,,CATARRHINI,,EOCATARRHINI,,HOMINOIDEA,(=ANTHROPOIDEA =ANTHROPOMORPHA),,Pongidae,(=Anthropomorphidae),,Gorillinae,(=Anthropopithecinae =Anthropithecinae),,,,Африка,africa,11.4,12,,,
262000,PRIMATOMORPHA,,PRIMATES,HAPLORRHINI,ANTHROPOIDEA,,CATARRHINI,,EOCATARRHINI,,HOMINOIDEA,(=ANTHROPOIDEA =ANTHROPOMORPHA),,Pongidae,(=Anthropomorphidae),,Gorillinae,(=Anthropopithecinae =Anthropithecinae),,,,Европа,asia,6.5,10.5,259000,,
263000,PRIMATOMORPHA,,PRIMATES,HAPLORRHINI,ANTHROPOIDEA,,CATARRHINI,,EOCATARRHINI,,HOMINOIDEA,(=ANTHROPOIDEA =ANTHROPOMORPHA),,Pongidae,(=Anthropomorphidae),,Gorillinae,(=Anthropopithecinae =Anthropithecinae),,,,Турция,asia,6.5,10.5,,,
264000,PRIMATOMORPHA,,PRIMATES,HAPLORRHINI,ANTHROPOIDEA,,CATARRHINI,,EOCATARRHINI,,HOMINOIDEA,(=ANTHROPOIDEA =ANTHROPOMORPHA),,Pongidae,(=Anthropomorphidae),,Gorillinae,(=Anthropopithecinae =Anthropithecinae),,,,Африка,africa,6.5,10.5,,,
265000,PRIMATOMORPHA,,PRIMATES,HAPLORRHINI,ANTHROPOIDEA,,CATARRHINI,,EOCATARRHINI,,HOMINOIDEA,(=ANTHROPOIDEA =ANTHROPOMORPHA),,Pongidae,(=Anthropomorphidae),,Gorillinae,(=Anthropopithecinae =Anthropithecinae),,,,Европа,europe,0.4,0.6,,,
266000,PRIMATOMORPHA,,PRIMATES,HAPLORRHINI,ANTHROPOIDEA,,CATARRHINI,,EOCATARRHINI,,HOMINOIDEA,(=ANTHROPOIDEA =ANTHROPOMORPHA),,Pongidae,(=Anthropomorphidae),,Gorillinae,(=Anthropopithecinae =Anthropithecinae),,,,Турция,asia,0.4,0.6,,,
267000,PRIMATOMORPHA,,PRIMATES,HAPLORRHINI,ANTHROPOIDEA,,CATARRHINI,,EOCATARRHINI,,HOMINOIDEA,(=ANTHROPOIDEA =ANTHROPOMORPHA),,Pongidae,(=Anthropomorphidae),,Gorillinae,(=Anthropopithecinae =Anthropithecinae),,,,Африка,africa,0.4,0.6,,,
268000,PRIMATOMORPHA,,PRIMATES,HAPLORRHINI,ANTHROPOIDEA,,CATARRHINI,,EOCATARRHINI,,HOMINOIDEA,(=ANTHROPOIDEA =ANTHROPOMORPHA),,Pongidae,(=Anthropomorphidae),,Gorillinae,(=Anthropopithecinae =Anthropithecinae),,,,Европа,europe,0,0,,,
269000,PRIMATOMORPHA,,PRIMATES,HAPLORRHINI,ANTHROPOIDEA,,CATARRHINI,,EOCATARRHINI,,HOMINOIDEA,(=ANTHROPOIDEA =ANTHROPOMORPHA),,Pongidae,(=Anthropomorphidae),,Gorillinae,(=Anthropopithecinae =Anthropithecinae),,,,Турция,asia,0,0,,,
270000,PRIMATOMORPHA,,PRIMATES,HAPLORRHINI,ANTHROPOIDEA,,CATARRHINI,,EOCATARRHINI,,HOMINOIDEA,(=ANTHROPOIDEA =ANTHROPOMORPHA),,Pongidae,(=Anthropomorphidae),,Gorillinae,(=Anthropopithecinae =Anthropithecinae),,,,Африка,africa,0,0,,,
271000,PRIMATOMORPHA,,PRIMATES,HAPLORRHINI,ANTHROPOIDEA,,CATARRHINI,,EOCATARRHINI,,HOMINOIDEA,(=ANTHROPOIDEA =ANTHROPOMORPHA),,Hominidae,(=Psychozoan =Summoprimates =Pithecanthropidae),,Australopithecinae,(=Praehomininae =Parantropinae),,,,Африка,africa,1,7,262000,,
272000,PRIMATOMORPHA,,PRIMATES,HAPLORRHINI,ANTHROPOIDEA,,CATARRHINI,,EOCATARRHINI,,HOMINOIDEA,(=ANTHROPOIDEA =ANTHROPOMORPHA),,Hominidae,(=Psychozoan =Summoprimates =Pithecanthropidae),,Homininae,(=Euhomininae =Sinanthropinae =Rhenanthropinae =Eoanthropinae =Enanthropinae =Habilinae),,,,Все материки,n_america,0,2.5,271000,,
273000,PRIMATOMORPHA,,PRIMATES,HAPLORRHINI,ANTHROPOIDEA,,CATARRHINI,,EOCATARRHINI,,HOMINOIDEA,(=ANTHROPOIDEA =ANTHROPOMORPHA),,Hominidae,(=Psychozoan =Summoprimates =Pithecanthropidae),,Homininae,(=Euhomininae =Sinanthropinae =Rhenanthropinae =Eoanthropinae =Enanthropinae =Habilinae),,,,Все материки,s_america,0,2.5,,,
274000,PRIMATOMORPHA,,PRIMATES,HAPLORRHINI,ANTHROPOIDEA,,CATARRHINI,,EOCATARRHINI,,HOMINOIDEA,(=ANTHROPOIDEA =ANTHROPOMORPHA),,Hominidae,(=Psychozoan =Summoprimates =Pithecanthropidae),,Homininae,(=Euhomininae =Sinanthropinae =Rhenanthropinae =Eoanthropinae =Enanthropinae =Habilinae),,,,Все материки,europe,0,2.5,,,
275000,PRIMATOMORPHA,,PRIMATES,HAPLORRHINI,ANTHROPOIDEA,,CATARRHINI,,EOCATARRHINI,,HOMINOIDEA,(=ANTHROPOIDEA =ANTHROPOMORPHA),,Hominidae,(=Psychozoan =Summoprimates =Pithecanthropidae),,Homininae,(=Euhomininae =Sinanthropinae =Rhenanthropinae =Eoanthropinae =Enanthropinae =Habilinae),,,,Все материки,africa,0,2.5,,,
276000,PRIMATOMORPHA,,PRIMATES,HAPLORRHINI,ANTHROPOIDEA,,CATARRHINI,,EOCATARRHINI,,HOMINOIDEA,(=ANTHROPOIDEA =ANTHROPOMORPHA),,Hominidae,(=Psychozoan =Summoprimates =Pithecanthropidae),,Homininae,(=Euhomininae =Sinanthropinae =Rhenanthropinae =Eoanthropinae =Enanthropinae =Habilinae),,,,Все материки,asia,0,2.5,,,
277000,PRIMATOMORPHA,,PRIMATES,HAPLORRHINI,ANTHROPOIDEA,,CATARRHINI,,EOCATARRHINI,,HOMINOIDEA,(=ANTHROPOIDEA =ANTHROPOMORPHA),,Hominidae,(=Psychozoan =Summoprimates =Pithecanthropidae),,Homininae,(=Euhomininae =Sinanthropinae =Rhenanthropinae =Eoanthropinae =Enanthropinae =Habilinae),,,,Все материки,oceania,0,2.5,,,